{
  "A4B": "diagrams.aws.business.A4B",
  "ACM": "diagrams.aws.security.ACM",
  "ADS": "diagrams.aws.migration.ADS",
  "ALB": "diagrams.aws.network.ELB",
  "AMI": "diagrams.aws.compute.AMI",
  "APIGateway": "diagrams.aws.network.APIGateway",
  "APIGatewayEndpoint": "diagrams.aws.network.APIGatewayEndpoint",
  "API_Gateway": "diagrams.aws.network.APIGateway",
  "AdConnector": "diagrams.aws.security.AdConnector",
  "AlexaForBusiness": "diagrams.aws.business.AlexaForBusiness",
  "Amplify": "diagrams.aws.mobile.Amplify",
  "Analytics": "diagrams.aws.analytics.Analytics",
  "ApacheMxnetOnAWS": "diagrams.aws.ml.ApacheMxnetOnAWS",
  "ApiGateway": "diagrams.aws.network.APIGateway",
  "AppMesh": "diagrams.aws.network.AppMesh",
  "AppRunner": "diagrams.aws.compute.AppRunner",
  "ApplicationAutoScaling": "diagrams.aws.compute.ApplicationAutoScaling",
  "ApplicationDiscoveryService": "diagrams.aws.migration.ApplicationDiscoveryService",
  "ApplicationIntegration": "diagrams.aws.integration.ApplicationIntegration",
  "ApplicationLoadBalancer": "diagrams.aws.network.ELB",
  "Appstream20": "diagrams.aws.enduser.Appstream20",
  "Appsync": "diagrams.aws.mobile.Appsync",
  "ArVr": "diagrams.aws.ar.ArVr",
  "Artifact": "diagrams.aws.security.Artifact",
  "Athena": "diagrams.aws.analytics.Athena",
  "AugmentedAi": "diagrams.aws.ml.AugmentedAi",
  "Aurora": "diagrams.aws.database.Aurora",
  "AuroraInstance": "diagrams.aws.database.AuroraInstance",
  "AutoScaling": "diagrams.aws.management.AutoScaling",
  "Backup": "diagrams.aws.storage.Backup",
  "Batch": "diagrams.aws.compute.Batch",
  "Blockchain": "diagrams.aws.blockchain.Blockchain",
  "BlockchainResource": "diagrams.aws.blockchain.BlockchainResource",
  "Braket": "diagrams.aws.quantum.Braket",
  "Budgets": "diagrams.aws.cost.Budgets",
  "BusinessApplications": "diagrams.aws.business.BusinessApplications",
  "CDN": "diagrams.aws.network.CloudFront",
  "CDR": "diagrams.aws.storage.CDR",
  "CEM": "diagrams.aws.migration.CEM",
  "CF": "diagrams.aws.network.CF",
  "CLB": "diagrams.aws.network.ELB",
  "CLI": "diagrams.aws.devtools.CLI",
  "CertificateAuthority": "diagrams.aws.security.CertificateAuthority",
  "CertificateManager": "diagrams.aws.security.CertificateManager",
  "Chatbot": "diagrams.aws.management.Chatbot",
  "Chime": "diagrams.aws.business.Chime",
  "ClassicLoadBalancer": "diagrams.aws.network.ELB",
  "Client": "diagrams.aws.general.Client",
  "ClientVpn": "diagrams.aws.network.ClientVpn",
  "Cloud9": "diagrams.aws.devtools.Cloud9",
  "Cloud9Resource": "diagrams.aws.devtools.Cloud9Resource",
  "CloudDevelopmentKit": "diagrams.aws.devtools.CloudDevelopmentKit",
  "CloudDirectory": "diagrams.aws.security.CloudDirectory",
  "CloudFront": "diagrams.aws.network.CloudFront",
  "CloudFrontDownloadDistribution": "diagrams.aws.network.CloudFrontDownloadDistribution",
  "CloudFrontEdgeLocation": "diagrams.aws.network.CloudFrontEdgeLocation",
  "CloudFrontStreamingDistribution": "diagrams.aws.network.CloudFrontStreamingDistribution",
  "CloudHSM": "diagrams.aws.security.CloudHSM",
  "CloudMap": "diagrams.aws.network.CloudMap",
  "CloudendureDisasterRecovery": "diagrams.aws.storage.CloudendureDisasterRecovery",
  "CloudendureMigration": "diagrams.aws.migration.CloudendureMigration",
  "Cloudformation": "diagrams.aws.management.Cloudformation",
  "CloudformationChangeSet": "diagrams.aws.management.CloudformationChangeSet",
  "CloudformationStack": "diagrams.aws.management.CloudformationStack",
  "CloudformationTemplate": "diagrams.aws.management.CloudformationTemplate",
  "Cloudhsm": "diagrams.aws.security.Cloudhsm",
  "Cloudsearch": "diagrams.aws.analytics.Cloudsearch",
  "CloudsearchSearchDocuments": "diagrams.aws.analytics.CloudsearchSearchDocuments",
  "Cloudtrail": "diagrams.aws.management.Cloudtrail",
  "Cloudwatch": "diagrams.aws.management.Cloudwatch",
  "CloudwatchAlarm": "diagrams.aws.management.CloudwatchAlarm",
  "CloudwatchEventEventBased": "diagrams.aws.management.CloudwatchEventEventBased",
  "CloudwatchEventTimeBased": "diagrams.aws.management.CloudwatchEventTimeBased",
  "CloudwatchRule": "diagrams.aws.management.CloudwatchRule",
  "Codebuild": "diagrams.aws.devtools.Codebuild",
  "Codecommit": "diagrams.aws.devtools.Codecommit",
  "Codedeploy": "diagrams.aws.devtools.Codedeploy",
  "Codeguru": "diagrams.aws.management.Codeguru",
  "Codepipeline": "diagrams.aws.devtools.Codepipeline",
  "Codestar": "diagrams.aws.devtools.Codestar",
  "Cognito": "diagrams.aws.security.Cognito",
  "CommandLineInterface": "diagrams.aws.management.CommandLineInterface",
  "Comprehend": "diagrams.aws.ml.Comprehend",
  "Compute": "diagrams.aws.compute.Compute",
  "ComputeOptimizer": "diagrams.aws.compute.ComputeOptimizer",
  "Config": "diagrams.aws.management.Config",
  "Connect": "diagrams.aws.engagement.Connect",
  "ConsoleMobileApplication": "diagrams.aws.integration.ConsoleMobileApplication",
  "ContentDeliveryNetwork": "diagrams.aws.network.CloudFront",
  "ControlTower": "diagrams.aws.management.ControlTower",
  "CostAndUsageReport": "diagrams.aws.cost.CostAndUsageReport",
  "CostExplorer": "diagrams.aws.cost.CostExplorer",
  "CostManagement": "diagrams.aws.cost.CostManagement",
  "CustomerEnablement": "diagrams.aws.enablement.CustomerEnablement",
  "CustomerEngagement": "diagrams.aws.engagement.CustomerEngagement",
  "DAX": "diagrams.aws.database.DAX",
  "DB": "diagrams.aws.database.DB",
  "DDB": "diagrams.aws.database.DDB",
  "DLC": "diagrams.aws.ml.DLC",
  "DMS": "diagrams.aws.migration.DMS",
  "DS": "diagrams.aws.security.DS",
  "DataLakeResource": "diagrams.aws.analytics.DataLakeResource",
  "DataPipeline": "diagrams.aws.analytics.DataPipeline",
  "Database": "diagrams.aws.database.Database",
  "DatabaseMigrationService": "diagrams.aws.migration.DatabaseMigrationService",
  "DatabaseMigrationServiceDatabaseMigrationWorkflow": "diagrams.aws.database.DatabaseMigrationServiceDatabaseMigrationWorkflow",
  "Datasync": "diagrams.aws.migration.Datasync",
  "DatasyncAgent": "diagrams.aws.migration.DatasyncAgent",
  "DeepLearningAmis": "diagrams.aws.ml.DeepLearningAmis",
  "DeepLearningContainers": "diagrams.aws.ml.DeepLearningContainers",
  "Deepcomposer": "diagrams.aws.ml.Deepcomposer",
  "Deeplens": "diagrams.aws.ml.Deeplens",
  "Deepracer": "diagrams.aws.ml.Deepracer",
  "DesktopAndAppStreaming": "diagrams.aws.enduser.DesktopAndAppStreaming",
  "Detective": "diagrams.aws.security.Detective",
  "DevTools": "diagrams.aws.devtools.DevTools",
  "DeveloperTools": "diagrams.aws.devtools.DeveloperTools",
  "DeviceFarm": "diagrams.aws.mobile.DeviceFarm",
  "DirectConnect": "diagrams.aws.network.DirectConnect",
  "DirectoryService": "diagrams.aws.security.DirectoryService",
  "Disk": "diagrams.aws.general.Disk",
  "DocumentDB": "diagrams.aws.database.DocumentDB",
  "DocumentdbMongodbCompatibility": "diagrams.aws.database.DocumentdbMongodbCompatibility",
  "DynamoDB": "diagrams.aws.database.Dynamodb",
  "DynamoDb": "diagrams.aws.database.Dynamodb",
  "Dynamodb": "diagrams.aws.database.Dynamodb",
  "DynamodbAttribute": "diagrams.aws.database.DynamodbAttribute",
  "DynamodbAttributes": "diagrams.aws.database.DynamodbAttributes",
  "DynamodbDax": "diagrams.aws.database.DynamodbDax",
  "DynamodbGSI": "diagrams.aws.database.DynamodbGSI",
  "DynamodbGlobalSecondaryIndex": "diagrams.aws.database.DynamodbGlobalSecondaryIndex",
  "DynamodbItem": "diagrams.aws.database.DynamodbItem",
  "DynamodbItems": "diagrams.aws.database.DynamodbItems",
  "DynamodbTable": "diagrams.aws.database.DynamodbTable",
  "EB": "diagrams.aws.compute.EB",
  "EBS": "diagrams.aws.storage.EBS",
  "EC2": "diagrams.aws.compute.EC2",
  "EC2Ami": "diagrams.aws.compute.EC2Ami",
  "EC2AutoScaling": "diagrams.aws.compute.EC2AutoScaling",
  "EC2ContainerRegistry": "diagrams.aws.compute.EC2ContainerRegistry",
  "EC2ContainerRegistryImage": "diagrams.aws.compute.EC2ContainerRegistryImage",
  "EC2ContainerRegistryRegistry": "diagrams.aws.compute.EC2ContainerRegistryRegistry",
  "EC2ElasticIpAddress": "diagrams.aws.compute.EC2ElasticIpAddress",
  "EC2ImageBuilder": "diagrams.aws.compute.EC2ImageBuilder",
  "EC2Instance": "diagrams.aws.compute.EC2Instance",
  "EC2Instances": "diagrams.aws.compute.EC2Instances",
  "EC2Rescue": "diagrams.aws.compute.EC2Rescue",
  "EC2SpotInstance": "diagrams.aws.compute.EC2SpotInstance",
  "ECR": "diagrams.aws.compute.ECR",
  "ECS": "diagrams.aws.compute.ECS",
  "EFS": "diagrams.aws.storage.EFS",
  "EFSInfrequentaccessPrimaryBg": "diagrams.aws.storage.EFSInfrequentaccessPrimaryBg",
  "EFSStandardPrimaryBg": "diagrams.aws.storage.EFSStandardPrimaryBg",
  "EKS": "diagrams.aws.compute.EKS",
  "ELB": "diagrams.aws.network.ELB",
  "EMR": "diagrams.aws.analytics.EMR",
  "EMRCluster": "diagrams.aws.analytics.EMRCluster",
  "EMREngine": "diagrams.aws.analytics.EMREngine",
  "EMREngineMaprM3": "diagrams.aws.analytics.EMREngineMaprM3",
  "EMREngineMaprM5": "diagrams.aws.analytics.EMREngineMaprM5",
  "EMREngineMaprM7": "diagrams.aws.analytics.EMREngineMaprM7",
  "EMRHdfsCluster": "diagrams.aws.analytics.EMRHdfsCluster",
  "ES": "diagrams.aws.analytics.ES",
  "ElastiCache": "diagrams.aws.database.ElastiCache",
  "ElasticBeanstalk": "diagrams.aws.compute.ElasticBeanstalk",
  "ElasticBeanstalkApplication": "diagrams.aws.compute.ElasticBeanstalkApplication",
  "ElasticBeanstalkDeployment": "diagrams.aws.compute.ElasticBeanstalkDeployment",
  "ElasticBlockStoreEBS": "diagrams.aws.storage.ElasticBlockStoreEBS",
  "ElasticBlockStoreEBSSnapshot": "diagrams.aws.storage.ElasticBlockStoreEBSSnapshot",
  "ElasticBlockStoreEBSVolume": "diagrams.aws.storage.ElasticBlockStoreEBSVolume",
  "ElasticContainerService": "diagrams.aws.compute.ElasticContainerService",
  "ElasticContainerServiceContainer": "diagrams.aws.compute.ElasticContainerServiceContainer",
  "ElasticContainerServiceService": "diagrams.aws.compute.ElasticContainerServiceService",
  "ElasticFileSystemEFS": "diagrams.aws.storage.ElasticFileSystemEFS",
  "ElasticFileSystemEFSFileSystem": "diagrams.aws.storage.ElasticFileSystemEFSFileSystem",
  "ElasticInference": "diagrams.aws.ml.ElasticInference",
  "ElasticKubernetesService": "diagrams.aws.compute.ElasticKubernetesService",
  "ElasticLoadBalancing": "diagrams.aws.network.ELB",
  "ElasticTranscoder": "diagrams.aws.media.ElasticTranscoder",
  "Elasticache": "diagrams.aws.database.Elasticache",
  "ElasticacheCacheNode": "diagrams.aws.database.ElasticacheCacheNode",
  "ElasticacheForMemcached": "diagrams.aws.database.ElasticacheForMemcached",
  "ElasticacheForRedis": "diagrams.aws.database.ElasticacheForRedis",
  "ElasticsearchService": "diagrams.aws.analytics.ElasticsearchService",
  "ElbApplicationLoadBalancer": "diagrams.aws.network.ElbApplicationLoadBalancer",
  "ElbClassicLoadBalancer": "diagrams.aws.network.ElbClassicLoadBalancer",
  "ElbNetworkLoadBalancer": "diagrams.aws.network.ElbNetworkLoadBalancer",
  "ElementalConductor": "diagrams.aws.media.ElementalConductor",
  "ElementalDelta": "diagrams.aws.media.ElementalDelta",
  "ElementalLive": "diagrams.aws.media.ElementalLive",
  "ElementalMediaconnect": "diagrams.aws.media.ElementalMediaconnect",
  "ElementalMediaconvert": "diagrams.aws.media.ElementalMediaconvert",
  "ElementalMedialive": "diagrams.aws.media.ElementalMedialive",
  "ElementalMediapackage": "diagrams.aws.media.ElementalMediapackage",
  "ElementalMediastore": "diagrams.aws.media.ElementalMediastore",
  "ElementalMediatailor": "diagrams.aws.media.ElementalMediatailor",
  "ElementalServer": "diagrams.aws.media.ElementalServer",
  "Endpoint": "diagrams.aws.network.Endpoint",
  "EventBridge": "diagrams.aws.integration.EventBridge",
  "EventResource": "diagrams.aws.integration.EventResource",
  "Eventbridge": "diagrams.aws.integration.Eventbridge",
  "EventbridgeCustomEventBusResource": "diagrams.aws.integration.EventbridgeCustomEventBusResource",
  "EventbridgeDefaultEventBusResource": "diagrams.aws.integration.EventbridgeDefaultEventBusResource",
  "EventbridgeSaasPartnerEventBusResource": "diagrams.aws.integration.EventbridgeSaasPartnerEventBusResource",
  "ExpressWorkflows": "diagrams.aws.integration.ExpressWorkflows",
  "FMS": "diagrams.aws.security.FMS",
  "FSx": "diagrams.aws.storage.FSx",
  "Fargate": "diagrams.aws.compute.Fargate",
  "FirewallManager": "diagrams.aws.security.FirewallManager",
  "Forecast": "diagrams.aws.ml.Forecast",
  "Forums": "diagrams.aws.general.Forums",
  "FraudDetector": "diagrams.aws.ml.FraudDetector",
  "FreeRTOS": "diagrams.aws.iot.FreeRTOS",
  "Freertos": "diagrams.aws.iot.Freertos",
  "Fsx": "diagrams.aws.storage.Fsx",
  "FsxForLustre": "diagrams.aws.storage.FsxForLustre",
  "FsxForWindowsFileServer": "diagrams.aws.storage.FsxForWindowsFileServer",
  "Function": "diagrams.aws.compute.Lambda",
  "GAX": "diagrams.aws.network.GAX",
  "GameTech": "diagrams.aws.game.GameTech",
  "Gamelift": "diagrams.aws.game.Gamelift",
  "General": "diagrams.aws.general.General",
  "GenericDatabase": "diagrams.aws.general.GenericDatabase",
  "GenericFirewall": "diagrams.aws.general.GenericFirewall",
  "GenericOfficeBuilding": "diagrams.aws.general.GenericOfficeBuilding",
  "GenericSDK": "diagrams.aws.general.GenericSDK",
  "GenericSamlToken": "diagrams.aws.general.GenericSamlToken",
  "GlobalAccelerator": "diagrams.aws.network.GlobalAccelerator",
  "Glue": "diagrams.aws.analytics.Glue",
  "GlueCrawlers": "diagrams.aws.analytics.GlueCrawlers",
  "GlueDataCatalog": "diagrams.aws.analytics.GlueDataCatalog",
  "GroundStation": "diagrams.aws.satellite.GroundStation",
  "Guardduty": "diagrams.aws.security.Guardduty",
  "IAM": "diagrams.aws.security.IAM",
  "IAMAWSSts": "diagrams.aws.security.IAMAWSSts",
  "IAMAccessAnalyzer": "diagrams.aws.security.IAMAccessAnalyzer",
  "IAMPermissions": "diagrams.aws.security.IAMPermissions",
  "IAMRole": "diagrams.aws.security.IAMRole",
  "IdentityAndAccessManagementIam": "diagrams.aws.security.IdentityAndAccessManagementIam",
  "IdentityAndAccessManagementIamAWSSts": "diagrams.aws.security.IdentityAndAccessManagementIamAWSSts",
  "IdentityAndAccessManagementIamAWSStsAlternate": "diagrams.aws.security.IdentityAndAccessManagementIamAWSStsAlternate",
  "IdentityAndAccessManagementIamAccessAnalyzer": "diagrams.aws.security.IdentityAndAccessManagementIamAccessAnalyzer",
  "IdentityAndAccessManagementIamAddOn": "diagrams.aws.security.IdentityAndAccessManagementIamAddOn",
  "IdentityAndAccessManagementIamDataEncryptionKey": "diagrams.aws.security.IdentityAndAccessManagementIamDataEncryptionKey",
  "IdentityAndAccessManagementIamEncryptedData": "diagrams.aws.security.IdentityAndAccessManagementIamEncryptedData",
  "IdentityAndAccessManagementIamLongTermSecurityCredential": "diagrams.aws.security.IdentityAndAccessManagementIamLongTermSecurityCredential",
  "IdentityAndAccessManagementIamMfaToken": "diagrams.aws.security.IdentityAndAccessManagementIamMfaToken",
  "IdentityAndAccessManagementIamPermissions": "diagrams.aws.security.IdentityAndAccessManagementIamPermissions",
  "IdentityAndAccessManagementIamRole": "diagrams.aws.security.IdentityAndAccessManagementIamRole",
  "IdentityAndAccessManagementIamTemporarySecurityCredential": "diagrams.aws.security.IdentityAndAccessManagementIamTemporarySecurityCredential",
  "Inspector": "diagrams.aws.security.Inspector",
  "InspectorAgent": "diagrams.aws.security.InspectorAgent",
  "InternetAlt1": "diagrams.aws.general.InternetAlt1",
  "InternetAlt2": "diagrams.aws.general.InternetAlt2",
  "InternetGateway": "diagrams.aws.network.InternetGateway",
  "InternetOfThings": "diagrams.aws.iot.InternetOfThings",
  "Iot1Click": "diagrams.aws.iot.Iot1Click",
  "IotAction": "diagrams.aws.iot.IotAction",
  "IotActuator": "diagrams.aws.iot.IotActuator",
  "IotAlexaEcho": "diagrams.aws.iot.IotAlexaEcho",
  "IotAlexaEnabledDevice": "diagrams.aws.iot.IotAlexaEnabledDevice",
  "IotAlexaSkill": "diagrams.aws.iot.IotAlexaSkill",
  "IotAlexaVoiceService": "diagrams.aws.iot.IotAlexaVoiceService",
  "IotAnalytics": "diagrams.aws.iot.IotAnalytics",
  "IotAnalyticsChannel": "diagrams.aws.iot.IotAnalyticsChannel",
  "IotAnalyticsDataSet": "diagrams.aws.iot.IotAnalyticsDataSet",
  "IotAnalyticsDataStore": "diagrams.aws.iot.IotAnalyticsDataStore",
  "IotAnalyticsNotebook": "diagrams.aws.iot.IotAnalyticsNotebook",
  "IotAnalyticsPipeline": "diagrams.aws.iot.IotAnalyticsPipeline",
  "IotBank": "diagrams.aws.iot.IotBank",
  "IotBicycle": "diagrams.aws.iot.IotBicycle",
  "IotBoard": "diagrams.aws.iot.IotBoard",
  "IotButton": "diagrams.aws.iot.IotButton",
  "IotCamera": "diagrams.aws.iot.IotCamera",
  "IotCar": "diagrams.aws.iot.IotCar",
  "IotCart": "diagrams.aws.iot.IotCart",
  "IotCertificate": "diagrams.aws.iot.IotCertificate",
  "IotCoffeePot": "diagrams.aws.iot.IotCoffeePot",
  "IotCore": "diagrams.aws.iot.IotCore",
  "IotDesiredState": "diagrams.aws.iot.IotDesiredState",
  "IotDeviceDefender": "diagrams.aws.iot.IotDeviceDefender",
  "IotDeviceGateway": "diagrams.aws.iot.IotDeviceGateway",
  "IotDeviceManagement": "diagrams.aws.iot.IotDeviceManagement",
  "IotDoorLock": "diagrams.aws.iot.IotDoorLock",
  "IotEvents": "diagrams.aws.iot.IotEvents",
  "IotFactory": "diagrams.aws.iot.IotFactory",
  "IotFireTv": "diagrams.aws.iot.IotFireTv",
  "IotFireTvStick": "diagrams.aws.iot.IotFireTvStick",
  "IotGeneric": "diagrams.aws.iot.IotGeneric",
  "IotGreengrass": "diagrams.aws.iot.IotGreengrass",
  "IotGreengrassConnector": "diagrams.aws.iot.IotGreengrassConnector",
  "IotHardwareBoard": "diagrams.aws.iot.IotHardwareBoard",
  "IotHouse": "diagrams.aws.iot.IotHouse",
  "IotHttp": "diagrams.aws.iot.IotHttp",
  "IotHttp2": "diagrams.aws.iot.IotHttp2",
  "IotJobs": "diagrams.aws.iot.IotJobs",
  "IotLambda": "diagrams.aws.iot.IotLambda",
  "IotLightbulb": "diagrams.aws.iot.IotLightbulb",
  "IotMedicalEmergency": "diagrams.aws.iot.IotMedicalEmergency",
  "IotMqtt": "diagrams.aws.iot.IotMqtt",
  "IotOverTheAirUpdate": "diagrams.aws.iot.IotOverTheAirUpdate",
  "IotPolicy": "diagrams.aws.iot.IotPolicy",
  "IotPolicyEmergency": "diagrams.aws.iot.IotPolicyEmergency",
  "IotReportedState": "diagrams.aws.iot.IotReportedState",
  "IotRule": "diagrams.aws.iot.IotRule",
  "IotSensor": "diagrams.aws.iot.IotSensor",
  "IotServo": "diagrams.aws.iot.IotServo",
  "IotShadow": "diagrams.aws.iot.IotShadow",
  "IotSimulator": "diagrams.aws.iot.IotSimulator",
  "IotSitewise": "diagrams.aws.iot.IotSitewise",
  "IotThermostat": "diagrams.aws.iot.IotThermostat",
  "IotThingsGraph": "diagrams.aws.iot.IotThingsGraph",
  "IotTopic": "diagrams.aws.iot.IotTopic",
  "IotTravel": "diagrams.aws.iot.IotTravel",
  "IotUtility": "diagrams.aws.iot.IotUtility",
  "IotWindfarm": "diagrams.aws.iot.IotWindfarm",
  "Iq": "diagrams.aws.enablement.Iq",
  "KMS": "diagrams.aws.security.KMS",
  "Kendra": "diagrams.aws.ml.Kendra",
  "KeyManagementService": "diagrams.aws.security.KeyManagementService",
  "KeyspacesManagedApacheCassandraService": "diagrams.aws.database.KeyspacesManagedApacheCassandraService",
  "Kinesis": "diagrams.aws.analytics.Kinesis",
  "KinesisDataAnalytics": "diagrams.aws.analytics.KinesisDataAnalytics",
  "KinesisDataFirehose": "diagrams.aws.analytics.KinesisDataFirehose",
  "KinesisDataStreams": "diagrams.aws.analytics.KinesisDataStreams",
  "KinesisVideoStreams": "diagrams.aws.media.KinesisVideoStreams",
  "LakeFormation": "diagrams.aws.analytics.LakeFormation",
  "Lambda": "diagrams.aws.compute.Lambda",
  "LambdaFunction": "diagrams.aws.compute.Lambda",
  "Lex": "diagrams.aws.ml.Lex",
  "LicenseManager": "diagrams.aws.management.LicenseManager",
  "Lightsail": "diagrams.aws.compute.Lightsail",
  "LoadBalancer": "diagrams.aws.network.ELB",
  "LocalZones": "diagrams.aws.compute.LocalZones",
  "MAT": "diagrams.aws.migration.MAT",
  "MQ": "diagrams.aws.integration.MQ",
  "MachineLearning": "diagrams.aws.ml.MachineLearning",
  "Macie": "diagrams.aws.security.Macie",
  "ManagedBlockchain": "diagrams.aws.blockchain.ManagedBlockchain",
  "ManagedMicrosoftAd": "diagrams.aws.security.ManagedMicrosoftAd",
  "ManagedServices": "diagrams.aws.management.ManagedServices",
  "ManagedStreamingForKafka": "diagrams.aws.analytics.ManagedStreamingForKafka",
  "ManagementAndGovernance": "diagrams.aws.management.ManagementAndGovernance",
  "ManagementConsole": "diagrams.aws.management.ManagementConsole",
  "Marketplace": "diagrams.aws.general.Marketplace",
  "MediaServices": "diagrams.aws.media.MediaServices",
  "MigrationAndTransfer": "diagrams.aws.migration.MigrationAndTransfer",
  "MigrationHub": "diagrams.aws.migration.MigrationHub",
  "Mobile": "diagrams.aws.mobile.Mobile",
  "MobileClient": "diagrams.aws.general.MobileClient",
  "Multimedia": "diagrams.aws.general.Multimedia",
  "MultipleVolumesResource": "diagrams.aws.storage.MultipleVolumesResource",
  "NATGateway": "diagrams.aws.network.NATGateway",
  "NLB": "diagrams.aws.network.ELB",
  "Nacl": "diagrams.aws.network.Nacl",
  "Neptune": "diagrams.aws.database.Neptune",
  "NetworkLoadBalancer": "diagrams.aws.network.ELB",
  "NetworkingAndContentDelivery": "diagrams.aws.network.NetworkingAndContentDelivery",
  "OfficeBuilding": "diagrams.aws.general.OfficeBuilding",
  "Opsworks": "diagrams.aws.management.Opsworks",
  "OpsworksApps": "diagrams.aws.management.OpsworksApps",
  "OpsworksDeployments": "diagrams.aws.management.OpsworksDeployments",
  "OpsworksInstances": "diagrams.aws.management.OpsworksInstances",
  "OpsworksLayers": "diagrams.aws.management.OpsworksLayers",
  "OpsworksMonitoring": "diagrams.aws.management.OpsworksMonitoring",
  "OpsworksPermissions": "diagrams.aws.management.OpsworksPermissions",
  "OpsworksResources": "diagrams.aws.management.OpsworksResources",
  "OpsworksStack": "diagrams.aws.management.OpsworksStack",
  "Organizations": "diagrams.aws.management.Organizations",
  "OrganizationsAccount": "diagrams.aws.management.OrganizationsAccount",
  "OrganizationsOrganizationalUnit": "diagrams.aws.management.OrganizationsOrganizationalUnit",
  "Outposts": "diagrams.aws.compute.Outposts",
  "ParameterStore": "diagrams.aws.management.ParameterStore",
  "PersonalHealthDashboard": "diagrams.aws.management.PersonalHealthDashboard",
  "Personalize": "diagrams.aws.ml.Personalize",
  "Pinpoint": "diagrams.aws.mobile.Pinpoint",
  "Polly": "diagrams.aws.ml.Polly",
  "PrivateSubnet": "diagrams.aws.network.PrivateSubnet",
  "Privatelink": "diagrams.aws.network.Privatelink",
  "ProfessionalServices": "diagrams.aws.enablement.ProfessionalServices",
  "PublicSubnet": "diagrams.aws.network.PublicSubnet",
  "QLDB": "diagrams.aws.database.QLDB",
  "QuantumLedgerDatabaseQldb": "diagrams.aws.database.QuantumLedgerDatabaseQldb",
  "QuantumTechnologies": "diagrams.aws.quantum.QuantumTechnologies",
  "Quicksight": "diagrams.aws.analytics.Quicksight",
  "RAM": "diagrams.aws.security.RAM",
  "RDS": "diagrams.aws.database.RDS",
  "RDSInstance": "diagrams.aws.database.RDSInstance",
  "RDSMariadbInstance": "diagrams.aws.database.RDSMariadbInstance",
  "RDSMysqlInstance": "diagrams.aws.database.RDSMysqlInstance",
  "RDSOnVmware": "diagrams.aws.database.RDSOnVmware",
  "RDSOracleInstance": "diagrams.aws.database.RDSOracleInstance",
  "RDSPostgresqlInstance": "diagrams.aws.database.RDSPostgresqlInstance",
  "RDSSqlServerInstance": "diagrams.aws.database.RDSSqlServerInstance",
  "Redshift": "diagrams.aws.database.Redshift",
  "RedshiftDenseComputeNode": "diagrams.aws.database.RedshiftDenseComputeNode",
  "RedshiftDenseStorageNode": "diagrams.aws.database.RedshiftDenseStorageNode",
  "Rekognition": "diagrams.aws.ml.Rekognition",
  "RekognitionImage": "diagrams.aws.ml.RekognitionImage",
  "RekognitionVideo": "diagrams.aws.ml.RekognitionVideo",
  "ReservedInstanceReporting": "diagrams.aws.cost.ReservedInstanceReporting",
  "ResourceAccessManager": "diagrams.aws.security.ResourceAccessManager",
  "Robomaker": "diagrams.aws.robotics.Robomaker",
  "RobomakerCloudExtensionRos": "diagrams.aws.robotics.RobomakerCloudExtensionRos",
  "RobomakerDevelopmentEnvironment": "diagrams.aws.robotics.RobomakerDevelopmentEnvironment",
  "RobomakerFleetManagement": "diagrams.aws.robotics.RobomakerFleetManagement",
  "RobomakerSimulator": "diagrams.aws.robotics.RobomakerSimulator",
  "Robotics": "diagrams.aws.robotics.Robotics",
  "Route53": "diagrams.aws.network.Route53",
  "Route53HostedZone": "diagrams.aws.network.Route53HostedZone",
  "RouteTable": "diagrams.aws.network.RouteTable",
  "S3": "diagrams.aws.storage.S3",
  "S3Bucket": "diagrams.aws.storage.S3",
  "S3Glacier": "diagrams.aws.storage.S3Glacier",
  "S3GlacierArchive": "diagrams.aws.storage.S3GlacierArchive",
  "S3GlacierVault": "diagrams.aws.storage.S3GlacierVault",
  "SAR": "diagrams.aws.compute.SAR",
  "SDK": "diagrams.aws.general.SDK",
  "SES": "diagrams.aws.engagement.SES",
  "SF": "diagrams.aws.integration.SF",
  "SMS": "diagrams.aws.migration.SMS",
  "SNS": "diagrams.aws.integration.SNS",
  "SQS": "diagrams.aws.integration.SQS",
  "SSM": "diagrams.aws.management.SSM",
  "Sagemaker": "diagrams.aws.ml.Sagemaker",
  "SagemakerGroundTruth": "diagrams.aws.ml.SagemakerGroundTruth",
  "SagemakerModel": "diagrams.aws.ml.SagemakerModel",
  "SagemakerNotebook": "diagrams.aws.ml.SagemakerNotebook",
  "SagemakerTrainingJob": "diagrams.aws.ml.SagemakerTrainingJob",
  "SamlToken": "diagrams.aws.general.SamlToken",
  "Satellite": "diagrams.aws.satellite.Satellite",
  "SavingsPlans": "diagrams.aws.cost.SavingsPlans",
  "SecretsManager": "diagrams.aws.security.SecretsManager",
  "SecurityHub": "diagrams.aws.security.SecurityHub",
  "SecurityHubFinding": "diagrams.aws.security.SecurityHubFinding",
  "SecurityIdentityAndCompliance": "diagrams.aws.security.SecurityIdentityAndCompliance",
  "ServerMigrationService": "diagrams.aws.migration.ServerMigrationService",
  "ServerlessApplicationRepository": "diagrams.aws.compute.ServerlessApplicationRepository",
  "ServiceCatalog": "diagrams.aws.management.ServiceCatalog",
  "Shield": "diagrams.aws.security.Shield",
  "ShieldAdvanced": "diagrams.aws.security.ShieldAdvanced",
  "SimpleAd": "diagrams.aws.security.SimpleAd",
  "SimpleEmailServiceSes": "diagrams.aws.engagement.SimpleEmailServiceSes",
  "SimpleEmailServiceSesEmail": "diagrams.aws.engagement.SimpleEmailServiceSesEmail",
  "SimpleNotificationServiceSns": "diagrams.aws.integration.SimpleNotificationServiceSns",
  "SimpleNotificationServiceSnsEmailNotification": "diagrams.aws.integration.SimpleNotificationServiceSnsEmailNotification",
  "SimpleNotificationServiceSnsHttpNotification": "diagrams.aws.integration.SimpleNotificationServiceSnsHttpNotification",
  "SimpleNotificationServiceSnsTopic": "diagrams.aws.integration.SimpleNotificationServiceSnsTopic",
  "SimpleQueueServiceSqs": "diagrams.aws.integration.SimpleQueueServiceSqs",
  "SimpleQueueServiceSqsMessage": "diagrams.aws.integration.SimpleQueueServiceSqsMessage",
  "SimpleQueueServiceSqsQueue": "diagrams.aws.integration.SimpleQueueServiceSqsQueue",
  "SimpleStorage": "diagrams.aws.storage.S3",
  "SimpleStorageServiceS3": "diagrams.aws.storage.SimpleStorageServiceS3",
  "SimpleStorageServiceS3Bucket": "diagrams.aws.storage.SimpleStorageServiceS3Bucket",
  "SimpleStorageServiceS3BucketWithObjects": "diagrams.aws.storage.SimpleStorageServiceS3BucketWithObjects",
  "SimpleStorageServiceS3Object": "diagrams.aws.storage.SimpleStorageServiceS3Object",
  "SingleSignOn": "diagrams.aws.security.SingleSignOn",
  "SiteToSiteVpn": "diagrams.aws.network.SiteToSiteVpn",
  "SnowFamilySnowballImportExport": "diagrams.aws.storage.SnowFamilySnowballImportExport",
  "Snowball": "diagrams.aws.storage.Snowball",
  "SnowballEdge": "diagrams.aws.storage.SnowballEdge",
  "Snowmobile": "diagrams.aws.storage.Snowmobile",
  "SslPadlock": "diagrams.aws.general.SslPadlock",
  "StepFunctions": "diagrams.aws.integration.StepFunctions",
  "Storage": "diagrams.aws.storage.Storage",
  "StorageGateway": "diagrams.aws.storage.StorageGateway",
  "StorageGatewayCachedVolume": "diagrams.aws.storage.StorageGatewayCachedVolume",
  "StorageGatewayNonCachedVolume": "diagrams.aws.storage.StorageGatewayNonCachedVolume",
  "StorageGatewayVirtualTapeLibrary": "diagrams.aws.storage.StorageGatewayVirtualTapeLibrary",
  "Sumerian": "diagrams.aws.ar.Sumerian",
  "Support": "diagrams.aws.enablement.Support",
  "SystemsManager": "diagrams.aws.management.SystemsManager",
  "SystemsManagerAutomation": "diagrams.aws.management.SystemsManagerAutomation",
  "SystemsManagerDocuments": "diagrams.aws.management.SystemsManagerDocuments",
  "SystemsManagerInventory": "diagrams.aws.management.SystemsManagerInventory",
  "SystemsManagerMaintenanceWindows": "diagrams.aws.management.SystemsManagerMaintenanceWindows",
  "SystemsManagerOpscenter": "diagrams.aws.management.SystemsManagerOpscenter",
  "SystemsManagerParameterStore": "diagrams.aws.management.SystemsManagerParameterStore",
  "SystemsManagerPatchManager": "diagrams.aws.management.SystemsManagerPatchManager",
  "SystemsManagerRunCommand": "diagrams.aws.management.SystemsManagerRunCommand",
  "SystemsManagerStateManager": "diagrams.aws.management.SystemsManagerStateManager",
  "TapeStorage": "diagrams.aws.general.TapeStorage",
  "TensorflowOnAWS": "diagrams.aws.ml.TensorflowOnAWS",
  "Textract": "diagrams.aws.ml.Textract",
  "ThinkboxDeadline": "diagrams.aws.compute.ThinkboxDeadline",
  "ThinkboxDraft": "diagrams.aws.compute.ThinkboxDraft",
  "ThinkboxFrost": "diagrams.aws.compute.ThinkboxFrost",
  "ThinkboxKrakatoa": "diagrams.aws.compute.ThinkboxKrakatoa",
  "ThinkboxSequoia": "diagrams.aws.compute.ThinkboxSequoia",
  "ThinkboxStoke": "diagrams.aws.compute.ThinkboxStoke",
  "ThinkboxXmesh": "diagrams.aws.compute.ThinkboxXmesh",
  "Timestream": "diagrams.aws.database.Timestream",
  "Toolkit": "diagrams.aws.general.Toolkit",
  "ToolsAndSdks": "diagrams.aws.devtools.ToolsAndSdks",
  "TraditionalServer": "diagrams.aws.general.TraditionalServer",
  "Transcribe": "diagrams.aws.ml.Transcribe",
  "TransferForSftp": "diagrams.aws.migration.TransferForSftp",
  "TransitGateway": "diagrams.aws.network.TransitGateway",
  "Translate": "diagrams.aws.ml.Translate",
  "TrustedAdvisor": "diagrams.aws.management.TrustedAdvisor",
  "TrustedAdvisorChecklist": "diagrams.aws.management.TrustedAdvisorChecklist",
  "TrustedAdvisorChecklistCost": "diagrams.aws.management.TrustedAdvisorChecklistCost",
  "TrustedAdvisorChecklistFaultTolerant": "diagrams.aws.management.TrustedAdvisorChecklistFaultTolerant",
  "TrustedAdvisorChecklistPerformance": "diagrams.aws.management.TrustedAdvisorChecklistPerformance",
  "TrustedAdvisorChecklistSecurity": "diagrams.aws.management.TrustedAdvisorChecklistSecurity",
  "User": "diagrams.aws.general.User",
  "Users": "diagrams.aws.general.Users",
  "VPC": "diagrams.aws.network.VPC",
  "VPCCustomerGateway": "diagrams.aws.network.VPCCustomerGateway",
  "VPCElasticNetworkAdapter": "diagrams.aws.network.VPCElasticNetworkAdapter",
  "VPCElasticNetworkInterface": "diagrams.aws.network.VPCElasticNetworkInterface",
  "VPCFlowLogs": "diagrams.aws.network.VPCFlowLogs",
  "VPCPeering": "diagrams.aws.network.VPCPeering",
  "VPCRouter": "diagrams.aws.network.VPCRouter",
  "VPCTrafficMirroring": "diagrams.aws.network.VPCTrafficMirroring",
  "VmwareCloudOnAWS": "diagrams.aws.compute.VmwareCloudOnAWS",
  "VpnConnection": "diagrams.aws.network.VpnConnection",
  "VpnGateway": "diagrams.aws.network.VpnGateway",
  "WAF": "diagrams.aws.security.WAF",
  "WAFFilteringRule": "diagrams.aws.security.WAFFilteringRule",
  "Wavelength": "diagrams.aws.compute.Wavelength",
  "WellArchitectedTool": "diagrams.aws.management.WellArchitectedTool",
  "Workdocs": "diagrams.aws.enduser.Workdocs",
  "Worklink": "diagrams.aws.enduser.Worklink",
  "Workmail": "diagrams.aws.business.Workmail",
  "Workspaces": "diagrams.aws.enduser.Workspaces",
  "XRay": "diagrams.aws.devtools.XRay",
  "_Analytics": "diagrams.aws.analytics._Analytics",
  "_Ar": "diagrams.aws.ar._Ar",
  "_Blockchain": "diagrams.aws.blockchain._Blockchain",
  "_Business": "diagrams.aws.business._Business",
  "_Compute": "diagrams.aws.compute._Compute",
  "_Cost": "diagrams.aws.cost._Cost",
  "_Database": "diagrams.aws.database._Database",
  "_Devtools": "diagrams.aws.devtools._Devtools",
  "_Enablement": "diagrams.aws.enablement._Enablement",
  "_Enduser": "diagrams.aws.enduser._Enduser",
  "_Engagement": "diagrams.aws.engagement._Engagement",
  "_Game": "diagrams.aws.game._Game",
  "_General": "diagrams.aws.general._General",
  "_Integration": "diagrams.aws.integration._Integration",
  "_Iot": "diagrams.aws.iot._Iot",
  "_ML": "diagrams.aws.ml._ML",
  "_Management": "diagrams.aws.management._Management",
  "_Media": "diagrams.aws.media._Media",
  "_Migration": "diagrams.aws.migration._Migration",
  "_Mobile": "diagrams.aws.mobile._Mobile",
  "_Network": "diagrams.aws.network._Network",
  "_Quantum": "diagrams.aws.quantum._Quantum",
  "_Robotics": "diagrams.aws.robotics._Robotics",
  "_Satellite": "diagrams.aws.satellite._Satellite",
  "_Security": "diagrams.aws.security._Security",
  "_Storage": "diagrams.aws.storage._Storage"
  }